scenario,episode_id,t_slot,t_time,mec_id,task_id
light,0,0,0.0,0,0
light,0,0,0.0,0,1
light,0,0,0.0,1,2
light,0,0,0.0,3,3
light,0,0,0.0,3,4
light,0,0,0.0,4,5
light,0,0,0.0,4,6
light,0,0,0.0,6,7
light,0,0,0.0,6,8
light,0,0,0.0,6,9
light,0,0,0.0,6,10
light,0,0,0.0,8,11
light,0,0,0.0,8,12
light,0,0,0.0,10,13
light,0,0,0.0,10,14
light,0,0,0.0,11,15
light,0,0,0.0,12,16
light,0,0,0.0,16,17
light,0,0,0.0,16,18
light,0,0,0.0,18,19
light,0,0,0.0,18,20
light,0,0,0.0,19,21
light,0,1,1.0,0,22
light,0,1,1.0,0,23
light,0,1,1.0,0,24
light,0,1,1.0,1,25
light,0,1,1.0,1,26
light,0,1,1.0,2,27
light,0,1,1.0,8,28
light,0,1,1.0,10,29
light,0,1,1.0,11,30
light,0,1,1.0,12,31
light,0,1,1.0,12,32
light,0,1,1.0,12,33
light,0,1,1.0,13,34
light,0,1,1.0,13,35
light,0,1,1.0,15,36
light,0,1,1.0,16,37
light,0,1,1.0,17,38
light,0,1,1.0,19,39
light,0,1,1.0,19,40
light,0,2,2.0,1,41
light,0,2,2.0,1,42
light,0,2,2.0,2,43
light,0,2,2.0,5,44
light,0,2,2.0,5,45
light,0,2,2.0,6,46
light,0,2,2.0,6,47
light,0,2,2.0,6,48
light,0,2,2.0,8,49
light,0,2,2.0,11,50
light,0,2,2.0,12,51
light,0,2,2.0,14,52
light,0,2,2.0,17,53
light,0,2,2.0,18,54
light,0,2,2.0,19,55
light,0,2,2.0,19,56
light,0,3,3.0,0,57
light,0,3,3.0,2,58
light,0,3,3.0,4,59
light,0,3,3.0,7,60
light,0,3,3.0,8,61
light,0,3,3.0,9,62
light,0,3,3.0,11,63
light,0,3,3.0,15,64
light,0,3,3.0,16,65
light,0,3,3.0,17,66
light,0,3,3.0,17,67
light,0,3,3.0,19,68
light,0,4,4.0,0,69
light,0,4,4.0,1,70
light,0,4,4.0,2,71
light,0,4,4.0,3,72
light,0,4,4.0,3,73
light,0,4,4.0,3,74
light,0,4,4.0,4,75
light,0,4,4.0,4,76
light,0,4,4.0,5,77
light,0,4,4.0,8,78
light,0,4,4.0,8,79
light,0,4,4.0,9,80
light,0,4,4.0,9,81
light,0,4,4.0,11,82
light,0,4,4.0,11,83
light,0,4,4.0,13,84
light,0,4,4.0,16,85
light,0,4,4.0,17,86
light,0,4,4.0,18,87
light,0,5,5.0,0,88
light,0,5,5.0,1,89
light,0,5,5.0,2,90
light,0,5,5.0,2,91
light,0,5,5.0,3,92
light,0,5,5.0,5,93
light,0,5,5.0,5,94
light,0,5,5.0,6,95
light,0,5,5.0,8,96
light,0,5,5.0,8,97
light,0,5,5.0,9,98
light,0,5,5.0,10,99
light,0,5,5.0,13,100
light,0,5,5.0,13,101
light,0,5,5.0,15,102
light,0,5,5.0,15,103
light,0,5,5.0,16,104
light,0,5,5.0,19,105
light,0,5,5.0,19,106
light,0,5,5.0,19,107
light,0,6,6.0,0,108
light,0,6,6.0,1,109
light,0,6,6.0,1,110
light,0,6,6.0,1,111
light,0,6,6.0,5,112
light,0,6,6.0,5,113
light,0,6,6.0,5,114
light,0,6,6.0,9,115
light,0,6,6.0,9,116
light,0,6,6.0,10,117
light,0,6,6.0,10,118
light,0,6,6.0,10,119
light,0,6,6.0,12,120
light,0,6,6.0,12,121
light,0,6,6.0,12,122
light,0,6,6.0,12,123
light,0,6,6.0,12,124
light,0,6,6.0,17,125
light,0,6,6.0,17,126
light,0,6,6.0,17,127
light,0,6,6.0,18,128
light,0,6,6.0,18,129
light,0,7,7.0,2,130
light,0,7,7.0,4,131
light,0,7,7.0,4,132
light,0,7,7.0,5,133
light,0,7,7.0,5,134
light,0,7,7.0,6,135
light,0,7,7.0,7,136
light,0,7,7.0,8,137
light,0,7,7.0,9,138
light,0,7,7.0,9,139
light,0,7,7.0,10,140
light,0,7,7.0,11,141
light,0,7,7.0,11,142
light,0,7,7.0,11,143
light,0,7,7.0,12,144
light,0,8,8.0,1,145
light,0,8,8.0,1,146
light,0,8,8.0,1,147
light,0,8,8.0,2,148
light,0,8,8.0,4,149
light,0,8,8.0,4,150
light,0,8,8.0,4,151
light,0,8,8.0,5,152
light,0,8,8.0,6,153
light,0,8,8.0,8,154
light,0,8,8.0,12,155
light,0,8,8.0,13,156
light,0,8,8.0,13,157
light,0,8,8.0,15,158
light,0,8,8.0,16,159
light,0,8,8.0,16,160
light,0,8,8.0,18,161
light,0,9,9.0,0,162
light,0,9,9.0,1,163
light,0,9,9.0,2,164
light,0,9,9.0,2,165
light,0,9,9.0,3,166
light,0,9,9.0,4,167
light,0,9,9.0,5,168
light,0,9,9.0,5,169
light,0,9,9.0,7,170
light,0,9,9.0,7,171
light,0,9,9.0,8,172
light,0,9,9.0,10,173
light,0,9,9.0,10,174
light,0,9,9.0,12,175
light,0,9,9.0,12,176
light,0,9,9.0,13,177
light,0,9,9.0,14,178
light,0,9,9.0,15,179
light,0,9,9.0,16,180
light,0,9,9.0,16,181
light,0,9,9.0,17,182
light,0,9,9.0,19,183
light,0,9,9.0,19,184
light,0,9,9.0,19,185
light,0,9,9.0,19,186
light,0,10,10.0,0,187
light,0,10,10.0,0,188
light,0,10,10.0,1,189
light,0,10,10.0,1,190
light,0,10,10.0,3,191
light,0,10,10.0,3,192
light,0,10,10.0,3,193
light,0,10,10.0,4,194
light,0,10,10.0,4,195
light,0,10,10.0,5,196
light,0,10,10.0,6,197
light,0,10,10.0,7,198
light,0,10,10.0,7,199
light,0,10,10.0,10,200
light,0,10,10.0,10,201
light,0,10,10.0,10,202
light,0,10,10.0,13,203
light,0,10,10.0,13,204
light,0,10,10.0,14,205
light,0,10,10.0,14,206
light,0,10,10.0,14,207
light,0,10,10.0,14,208
light,0,10,10.0,16,209
light,0,10,10.0,16,210
light,0,10,10.0,18,211
light,0,10,10.0,19,212
light,0,10,10.0,19,213
light,0,11,11.0,1,214
light,0,11,11.0,2,215
light,0,11,11.0,2,216
light,0,11,11.0,2,217
light,0,11,11.0,3,218
light,0,11,11.0,3,219
light,0,11,11.0,4,220
light,0,11,11.0,4,221
light,0,11,11.0,4,222
light,0,11,11.0,5,223
light,0,11,11.0,5,224
light,0,11,11.0,6,225
light,0,11,11.0,6,226
light,0,11,11.0,8,227
light,0,11,11.0,9,228
light,0,11,11.0,12,229
light,0,11,11.0,12,230
light,0,11,11.0,18,231
light,0,11,11.0,18,232
light,0,11,11.0,18,233
light,0,11,11.0,19,234
light,0,11,11.0,19,235
light,0,11,11.0,19,236
light,0,12,12.0,0,237
light,0,12,12.0,1,238
light,0,12,12.0,1,239
light,0,12,12.0,1,240
light,0,12,12.0,3,241
light,0,12,12.0,5,242
light,0,12,12.0,6,243
light,0,12,12.0,7,244
light,0,12,12.0,8,245
light,0,12,12.0,8,246
light,0,12,12.0,8,247
light,0,12,12.0,10,248
light,0,12,12.0,11,249
light,0,12,12.0,11,250
light,0,12,12.0,12,251
light,0,12,12.0,13,252
light,0,12,12.0,13,253
light,0,12,12.0,13,254
light,0,12,12.0,15,255
light,0,12,12.0,15,256
light,0,12,12.0,17,257
light,0,12,12.0,17,258
light,0,12,12.0,18,259
light,0,12,12.0,19,260
light,0,12,12.0,19,261
light,0,13,13.0,0,262
light,0,13,13.0,2,263
light,0,13,13.0,3,264
light,0,13,13.0,3,265
light,0,13,13.0,4,266
light,0,13,13.0,6,267
light,0,13,13.0,7,268
light,0,13,13.0,8,269
light,0,13,13.0,8,270
light,0,13,13.0,9,271
light,0,13,13.0,12,272
light,0,13,13.0,13,273
light,0,13,13.0,13,274
light,0,13,13.0,16,275
light,0,13,13.0,17,276
light,0,13,13.0,19,277
light,0,14,14.0,0,278
light,0,14,14.0,0,279
light,0,14,14.0,0,280
light,0,14,14.0,3,281
light,0,14,14.0,5,282
light,0,14,14.0,5,283
light,0,14,14.0,5,284
light,0,14,14.0,6,285
light,0,14,14.0,7,286
light,0,14,14.0,7,287
light,0,14,14.0,8,288
light,0,14,14.0,10,289
light,0,14,14.0,10,290
light,0,14,14.0,10,291
light,0,14,14.0,12,292
light,0,14,14.0,12,293
light,0,14,14.0,13,294
light,0,14,14.0,13,295
light,0,14,14.0,13,296
light,0,14,14.0,15,297
light,0,14,14.0,16,298
light,0,14,14.0,16,299
light,0,14,14.0,17,300
light,0,14,14.0,18,301
light,0,14,14.0,19,302
light,0,15,15.0,1,303
light,0,15,15.0,2,304
light,0,15,15.0,2,305
light,0,15,15.0,2,306
light,0,15,15.0,2,307
light,0,15,15.0,2,308
light,0,15,15.0,3,309
light,0,15,15.0,4,310
light,0,15,15.0,5,311
light,0,15,15.0,5,312
light,0,15,15.0,6,313
light,0,15,15.0,7,314
light,0,15,15.0,8,315
light,0,15,15.0,9,316
light,0,15,15.0,13,317
light,0,15,15.0,13,318
light,0,15,15.0,14,319
light,0,15,15.0,15,320
light,0,15,15.0,16,321
light,0,15,15.0,16,322
light,0,15,15.0,17,323
light,0,15,15.0,17,324
light,0,15,15.0,18,325
light,0,15,15.0,19,326
light,0,15,15.0,19,327
light,0,16,16.0,1,328
light,0,16,16.0,3,329
light,0,16,16.0,4,330
light,0,16,16.0,5,331
light,0,16,16.0,5,332
light,0,16,16.0,7,333
light,0,16,16.0,7,334
light,0,16,16.0,8,335
light,0,16,16.0,9,336
light,0,16,16.0,11,337
light,0,16,16.0,11,338
light,0,16,16.0,12,339
light,0,16,16.0,13,340
light,0,16,16.0,13,341
light,0,16,16.0,14,342
light,0,16,16.0,15,343
light,0,16,16.0,16,344
light,0,16,16.0,16,345
light,0,16,16.0,16,346
light,0,16,16.0,19,347
light,0,16,16.0,19,348
light,0,17,17.0,0,349
light,0,17,17.0,0,350
light,0,17,17.0,1,351
light,0,17,17.0,2,352
light,0,17,17.0,6,353
light,0,17,17.0,11,354
light,0,17,17.0,12,355
light,0,17,17.0,12,356
light,0,17,17.0,14,357
light,0,17,17.0,15,358
light,0,17,17.0,17,359
light,0,17,17.0,18,360
light,0,18,18.0,3,361
light,0,18,18.0,3,362
light,0,18,18.0,4,363
light,0,18,18.0,6,364
light,0,18,18.0,6,365
light,0,18,18.0,11,366
light,0,18,18.0,14,367
light,0,18,18.0,14,368
light,0,18,18.0,17,369
light,0,18,18.0,18,370
light,0,18,18.0,18,371
light,0,18,18.0,19,372
light,0,19,19.0,0,373
light,0,19,19.0,0,374
light,0,19,19.0,1,375
light,0,19,19.0,1,376
light,0,19,19.0,3,377
light,0,19,19.0,4,378
light,0,19,19.0,5,379
light,0,19,19.0,6,380
light,0,19,19.0,6,381
light,0,19,19.0,8,382
light,0,19,19.0,9,383
light,0,19,19.0,11,384
light,0,19,19.0,11,385
light,0,19,19.0,12,386
light,0,19,19.0,12,387
light,0,19,19.0,13,388
light,0,19,19.0,16,389
light,0,19,19.0,16,390
light,0,19,19.0,17,391
light,0,19,19.0,18,392
light,0,19,19.0,19,393
light,0,20,20.0,0,394
light,0,20,20.0,3,395
light,0,20,20.0,6,396
light,0,20,20.0,9,397
light,0,20,20.0,9,398
light,0,20,20.0,11,399
light,0,20,20.0,13,400
light,0,20,20.0,13,401
light,0,20,20.0,13,402
light,0,20,20.0,14,403
light,0,20,20.0,14,404
light,0,20,20.0,17,405
light,0,20,20.0,18,406
light,0,20,20.0,18,407
light,0,20,20.0,19,408
light,0,21,21.0,0,409
light,0,21,21.0,0,410
light,0,21,21.0,3,411
light,0,21,21.0,6,412
light,0,21,21.0,7,413
light,0,21,21.0,8,414
light,0,21,21.0,9,415
light,0,21,21.0,11,416
light,0,21,21.0,12,417
light,0,21,21.0,12,418
light,0,21,21.0,12,419
light,0,21,21.0,12,420
light,0,21,21.0,14,421
light,0,21,21.0,14,422
light,0,21,21.0,17,423
light,0,21,21.0,17,424
light,0,21,21.0,18,425
light,0,21,21.0,19,426
light,0,22,22.0,0,427
light,0,22,22.0,0,428
light,0,22,22.0,2,429
light,0,22,22.0,2,430
light,0,22,22.0,2,431
light,0,22,22.0,3,432
light,0,22,22.0,4,433
light,0,22,22.0,5,434
light,0,22,22.0,5,435
light,0,22,22.0,6,436
light,0,22,22.0,7,437
light,0,22,22.0,9,438
light,0,22,22.0,11,439
light,0,22,22.0,12,440
light,0,22,22.0,15,441
light,0,22,22.0,16,442
light,0,22,22.0,17,443
light,0,22,22.0,18,444
light,0,23,23.0,0,445
light,0,23,23.0,1,446
light,0,23,23.0,4,447
light,0,23,23.0,5,448
light,0,23,23.0,7,449
light,0,23,23.0,8,450
light,0,23,23.0,10,451
light,0,23,23.0,12,452
light,0,23,23.0,12,453
light,0,23,23.0,13,454
light,0,23,23.0,14,455
light,0,23,23.0,14,456
light,0,23,23.0,14,457
light,0,23,23.0,15,458
light,0,23,23.0,16,459
light,0,23,23.0,16,460
light,0,23,23.0,19,461
light,0,24,24.0,1,462
light,0,24,24.0,2,463
light,0,24,24.0,3,464
light,0,24,24.0,3,465
light,0,24,24.0,3,466
light,0,24,24.0,3,467
light,0,24,24.0,4,468
light,0,24,24.0,4,469
light,0,24,24.0,5,470
light,0,24,24.0,6,471
light,0,24,24.0,8,472
light,0,24,24.0,9,473
light,0,24,24.0,9,474
light,0,24,24.0,10,475
light,0,24,24.0,10,476
light,0,24,24.0,12,477
light,0,24,24.0,13,478
light,0,24,24.0,14,479
light,0,24,24.0,15,480
light,0,24,24.0,15,481
light,0,24,24.0,16,482
light,0,24,24.0,16,483
light,0,24,24.0,17,484
light,0,24,24.0,17,485
light,0,24,24.0,18,486
light,0,24,24.0,19,487
light,0,24,24.0,19,488
light,0,25,25.0,1,489
light,0,25,25.0,1,490
light,0,25,25.0,1,491
light,0,25,25.0,2,492
light,0,25,25.0,3,493
light,0,25,25.0,4,494
light,0,25,25.0,5,495
light,0,25,25.0,6,496
light,0,25,25.0,6,497
light,0,25,25.0,6,498
light,0,25,25.0,7,499
light,0,25,25.0,9,500
light,0,25,25.0,10,501
light,0,25,25.0,10,502
light,0,25,25.0,11,503
light,0,25,25.0,12,504
light,0,25,25.0,13,505
light,0,25,25.0,15,506
light,0,25,25.0,17,507
light,0,25,25.0,17,508
light,0,25,25.0,18,509
light,0,26,26.0,0,510
light,0,26,26.0,2,511
light,0,26,26.0,4,512
light,0,26,26.0,5,513
light,0,26,26.0,5,514
light,0,26,26.0,6,515
light,0,26,26.0,7,516
light,0,26,26.0,7,517
light,0,26,26.0,11,518
light,0,26,26.0,11,519
light,0,26,26.0,14,520
light,0,26,26.0,16,521
light,0,26,26.0,17,522
light,0,26,26.0,18,523
light,0,27,27.0,0,524
light,0,27,27.0,0,525
light,0,27,27.0,0,526
light,0,27,27.0,1,527
light,0,27,27.0,2,528
light,0,27,27.0,3,529
light,0,27,27.0,4,530
light,0,27,27.0,5,531
light,0,27,27.0,5,532
light,0,27,27.0,5,533
light,0,27,27.0,6,534
light,0,27,27.0,7,535
light,0,27,27.0,7,536
light,0,27,27.0,8,537
light,0,27,27.0,9,538
light,0,27,27.0,9,539
light,0,27,27.0,11,540
light,0,27,27.0,11,541
light,0,27,27.0,11,542
light,0,27,27.0,12,543
light,0,27,27.0,14,544
light,0,27,27.0,16,545
light,0,27,27.0,16,546
light,0,27,27.0,16,547
light,0,27,27.0,18,548
light,0,27,27.0,19,549
light,0,28,28.0,0,550
light,0,28,28.0,0,551
light,0,28,28.0,2,552
light,0,28,28.0,4,553
light,0,28,28.0,5,554
light,0,28,28.0,5,555
light,0,28,28.0,6,556
light,0,28,28.0,7,557
light,0,28,28.0,8,558
light,0,28,28.0,8,559
light,0,28,28.0,8,560
light,0,28,28.0,11,561
light,0,28,28.0,13,562
light,0,28,28.0,13,563
light,0,28,28.0,14,564
light,0,28,28.0,14,565
light,0,28,28.0,14,566
light,0,28,28.0,17,567
light,0,28,28.0,17,568
light,0,28,28.0,18,569
light,0,28,28.0,19,570
light,0,28,28.0,19,571
light,0,29,29.0,0,572
light,0,29,29.0,0,573
light,0,29,29.0,0,574
light,0,29,29.0,0,575
light,0,29,29.0,1,576
light,0,29,29.0,1,577
light,0,29,29.0,2,578
light,0,29,29.0,2,579
light,0,29,29.0,3,580
light,0,29,29.0,4,581
light,0,29,29.0,4,582
light,0,29,29.0,5,583
light,0,29,29.0,9,584
light,0,29,29.0,9,585
light,0,29,29.0,10,586
light,0,29,29.0,10,587
light,0,29,29.0,11,588
light,0,29,29.0,12,589
light,0,29,29.0,13,590
light,0,29,29.0,13,591
light,0,29,29.0,13,592
light,0,29,29.0,14,593
light,0,29,29.0,14,594
light,0,29,29.0,16,595
light,0,29,29.0,16,596
light,0,29,29.0,16,597
light,0,29,29.0,17,598
light,0,29,29.0,18,599
light,0,29,29.0,19,600
light,0,29,29.0,19,601
light,0,30,30.0,0,602
light,0,30,30.0,1,603
light,0,30,30.0,2,604
light,0,30,30.0,2,605
light,0,30,30.0,3,606
light,0,30,30.0,4,607
light,0,30,30.0,4,608
light,0,30,30.0,5,609
light,0,30,30.0,5,610
light,0,30,30.0,6,611
light,0,30,30.0,6,612
light,0,30,30.0,6,613
light,0,30,30.0,7,614
light,0,30,30.0,7,615
light,0,30,30.0,8,616
light,0,30,30.0,9,617
light,0,30,30.0,9,618
light,0,30,30.0,9,619
light,0,30,30.0,10,620
light,0,30,30.0,12,621
light,0,30,30.0,12,622
light,0,30,30.0,12,623
light,0,30,30.0,12,624
light,0,30,30.0,13,625
light,0,30,30.0,14,626
light,0,30,30.0,16,627
light,0,30,30.0,17,628
light,0,30,30.0,18,629
light,0,30,30.0,18,630
light,0,30,30.0,18,631
light,0,31,31.0,0,632
light,0,31,31.0,1,633
light,0,31,31.0,2,634
light,0,31,31.0,3,635
light,0,31,31.0,5,636
light,0,31,31.0,5,637
light,0,31,31.0,7,638
light,0,31,31.0,10,639
light,0,31,31.0,13,640
light,0,31,31.0,13,641
light,0,31,31.0,14,642
light,0,31,31.0,15,643
light,0,31,31.0,17,644
light,0,31,31.0,19,645
light,0,31,31.0,19,646
light,0,32,32.0,0,647
light,0,32,32.0,0,648
light,0,32,32.0,0,649
light,0,32,32.0,0,650
light,0,32,32.0,2,651
light,0,32,32.0,3,652
light,0,32,32.0,4,653
light,0,32,32.0,4,654
light,0,32,32.0,4,655
light,0,32,32.0,7,656
light,0,32,32.0,7,657
light,0,32,32.0,8,658
light,0,32,32.0,8,659
light,0,32,32.0,9,660
light,0,32,32.0,10,661
light,0,32,32.0,14,662
light,0,32,32.0,17,663
light,0,32,32.0,17,664
light,0,33,33.0,0,665
light,0,33,33.0,2,666
light,0,33,33.0,2,667
light,0,33,33.0,3,668
light,0,33,33.0,4,669
light,0,33,33.0,4,670
light,0,33,33.0,8,671
light,0,33,33.0,9,672
light,0,33,33.0,10,673
light,0,33,33.0,11,674
light,0,33,33.0,12,675
light,0,33,33.0,12,676
light,0,33,33.0,14,677
light,0,33,33.0,15,678
light,0,33,33.0,16,679
light,0,34,34.0,1,680
light,0,34,34.0,6,681
light,0,34,34.0,6,682
light,0,34,34.0,7,683
light,0,34,34.0,9,684
light,0,34,34.0,9,685
light,0,34,34.0,15,686
light,0,34,34.0,16,687
light,0,34,34.0,18,688
light,0,34,34.0,19,689
light,0,34,34.0,19,690
light,0,35,35.0,0,691
light,0,35,35.0,3,692
light,0,35,35.0,3,693
light,0,35,35.0,4,694
light,0,35,35.0,6,695
light,0,35,35.0,7,696
light,0,35,35.0,7,697
light,0,35,35.0,7,698
light,0,35,35.0,7,699
light,0,35,35.0,8,700
light,0,35,35.0,8,701
light,0,35,35.0,8,702
light,0,35,35.0,9,703
light,0,35,35.0,9,704
light,0,35,35.0,11,705
light,0,35,35.0,13,706
light,0,35,35.0,13,707
light,0,35,35.0,15,708
light,0,35,35.0,15,709
light,0,35,35.0,17,710
light,0,36,36.0,0,711
light,0,36,36.0,0,712
light,0,36,36.0,0,713
light,0,36,36.0,2,714
light,0,36,36.0,2,715
light,0,36,36.0,3,716
light,0,36,36.0,4,717
light,0,36,36.0,7,718
light,0,36,36.0,8,719
light,0,36,36.0,8,720
light,0,36,36.0,11,721
light,0,36,36.0,11,722
light,0,36,36.0,11,723
light,0,36,36.0,11,724
light,0,36,36.0,14,725
light,0,36,36.0,15,726
light,0,36,36.0,16,727
light,0,36,36.0,17,728
light,0,36,36.0,18,729
light,0,36,36.0,19,730
light,0,37,37.0,0,731
light,0,37,37.0,1,732
light,0,37,37.0,3,733
light,0,37,37.0,4,734
light,0,37,37.0,5,735
light,0,37,37.0,5,736
light,0,37,37.0,6,737
light,0,37,37.0,6,738
light,0,37,37.0,7,739
light,0,37,37.0,7,740
light,0,37,37.0,8,741
light,0,37,37.0,9,742
light,0,37,37.0,10,743
light,0,37,37.0,10,744
light,0,37,37.0,10,745
light,0,37,37.0,12,746
light,0,37,37.0,12,747
light,0,37,37.0,12,748
light,0,37,37.0,13,749
light,0,37,37.0,13,750
light,0,37,37.0,14,751
light,0,37,37.0,15,752
light,0,37,37.0,15,753
light,0,37,37.0,16,754
light,0,37,37.0,16,755
light,0,37,37.0,18,756
light,0,37,37.0,19,757
light,0,37,37.0,19,758
light,0,38,38.0,1,759
light,0,38,38.0,3,760
light,0,38,38.0,3,761
light,0,38,38.0,3,762
light,0,38,38.0,3,763
light,0,38,38.0,4,764
light,0,38,38.0,5,765
light,0,38,38.0,7,766
light,0,38,38.0,7,767
light,0,38,38.0,9,768
light,0,38,38.0,9,769
light,0,38,38.0,10,770
light,0,38,38.0,11,771
light,0,38,38.0,13,772
light,0,38,38.0,13,773
light,0,38,38.0,16,774
light,0,38,38.0,17,775
light,0,38,38.0,19,776
light,0,38,38.0,19,777
light,0,38,38.0,19,778
light,0,39,39.0,0,779
light,0,39,39.0,0,780
light,0,39,39.0,2,781
light,0,39,39.0,3,782
light,0,39,39.0,4,783
light,0,39,39.0,4,784
light,0,39,39.0,5,785
light,0,39,39.0,6,786
light,0,39,39.0,6,787
light,0,39,39.0,7,788
light,0,39,39.0,7,789
light,0,39,39.0,8,790
light,0,39,39.0,9,791
light,0,39,39.0,11,792
light,0,39,39.0,11,793
light,0,39,39.0,13,794
light,0,39,39.0,13,795
light,0,39,39.0,14,796
light,0,39,39.0,16,797
light,0,39,39.0,17,798
light,0,39,39.0,18,799
light,0,40,40.0,0,800
light,0,40,40.0,2,801
light,0,40,40.0,3,802
light,0,40,40.0,4,803
light,0,40,40.0,5,804
light,0,40,40.0,5,805
light,0,40,40.0,5,806
light,0,40,40.0,6,807
light,0,40,40.0,9,808
light,0,40,40.0,9,809
light,0,40,40.0,9,810
light,0,40,40.0,10,811
light,0,40,40.0,12,812
light,0,40,40.0,14,813
light,0,40,40.0,15,814
light,0,40,40.0,15,815
light,0,40,40.0,16,816
light,0,40,40.0,17,817
light,0,40,40.0,18,818
light,0,40,40.0,18,819
light,0,41,41.0,1,820
light,0,41,41.0,2,821
light,0,41,41.0,6,822
light,0,41,41.0,6,823
light,0,41,41.0,7,824
light,0,41,41.0,7,825
light,0,41,41.0,7,826
light,0,41,41.0,9,827
light,0,41,41.0,9,828
light,0,41,41.0,10,829
light,0,41,41.0,12,830
light,0,41,41.0,14,831
light,0,41,41.0,15,832
light,0,42,42.0,0,833
light,0,42,42.0,0,834
light,0,42,42.0,3,835
light,0,42,42.0,3,836
light,0,42,42.0,3,837
light,0,42,42.0,5,838
light,0,42,42.0,6,839
light,0,42,42.0,6,840
light,0,42,42.0,8,841
light,0,42,42.0,10,842
light,0,42,42.0,10,843
light,0,42,42.0,11,844
light,0,42,42.0,12,845
light,0,42,42.0,12,846
light,0,42,42.0,13,847
light,0,42,42.0,14,848
light,0,42,42.0,14,849
light,0,42,42.0,14,850
light,0,42,42.0,15,851
light,0,42,42.0,17,852
light,0,42,42.0,18,853
light,0,42,42.0,19,854
light,0,43,43.0,0,855
light,0,43,43.0,1,856
light,0,43,43.0,1,857
light,0,43,43.0,2,858
light,0,43,43.0,2,859
light,0,43,43.0,2,860
light,0,43,43.0,2,861
light,0,43,43.0,2,862
light,0,43,43.0,3,863
light,0,43,43.0,4,864
light,0,43,43.0,5,865
light,0,43,43.0,5,866
light,0,43,43.0,5,867
light,0,43,43.0,6,868
light,0,43,43.0,7,869
light,0,43,43.0,7,870
light,0,43,43.0,7,871
light,0,43,43.0,8,872
light,0,43,43.0,10,873
light,0,43,43.0,11,874
light,0,43,43.0,12,875
light,0,43,43.0,13,876
light,0,43,43.0,13,877
light,0,43,43.0,13,878
light,0,43,43.0,14,879
light,0,43,43.0,14,880
light,0,43,43.0,15,881
light,0,43,43.0,15,882
light,0,43,43.0,16,883
light,0,43,43.0,17,884
light,0,43,43.0,18,885
light,0,44,44.0,0,886
light,0,44,44.0,1,887
light,0,44,44.0,4,888
light,0,44,44.0,7,889
light,0,44,44.0,8,890
light,0,44,44.0,8,891
light,0,44,44.0,9,892
light,0,44,44.0,9,893
light,0,44,44.0,10,894
light,0,44,44.0,11,895
light,0,44,44.0,11,896
light,0,44,44.0,13,897
light,0,44,44.0,13,898
light,0,44,44.0,15,899
light,0,44,44.0,16,900
light,0,44,44.0,19,901
light,0,45,45.0,0,902
light,0,45,45.0,4,903
light,0,45,45.0,9,904
light,0,45,45.0,9,905
light,0,45,45.0,10,906
light,0,45,45.0,10,907
light,0,45,45.0,10,908
light,0,45,45.0,11,909
light,0,45,45.0,13,910
light,0,45,45.0,13,911
light,0,45,45.0,13,912
light,0,45,45.0,14,913
light,0,45,45.0,15,914
light,0,45,45.0,16,915
light,0,45,45.0,16,916
light,0,45,45.0,17,917
light,0,45,45.0,19,918
light,0,46,46.0,0,919
light,0,46,46.0,1,920
light,0,46,46.0,1,921
light,0,46,46.0,2,922
light,0,46,46.0,2,923
light,0,46,46.0,3,924
light,0,46,46.0,3,925
light,0,46,46.0,3,926
light,0,46,46.0,4,927
light,0,46,46.0,4,928
light,0,46,46.0,5,929
light,0,46,46.0,6,930
light,0,46,46.0,8,931
light,0,46,46.0,8,932
light,0,46,46.0,9,933
light,0,46,46.0,9,934
light,0,46,46.0,11,935
light,0,46,46.0,11,936
light,0,46,46.0,12,937
light,0,46,46.0,13,938
light,0,46,46.0,14,939
light,0,46,46.0,14,940
light,0,46,46.0,16,941
light,0,46,46.0,18,942
light,0,46,46.0,18,943
light,0,46,46.0,19,944
light,0,47,47.0,2,945
light,0,47,47.0,3,946
light,0,47,47.0,5,947
light,0,47,47.0,5,948
light,0,47,47.0,5,949
light,0,47,47.0,5,950
light,0,47,47.0,6,951
light,0,47,47.0,6,952
light,0,47,47.0,6,953
light,0,47,47.0,8,954
light,0,47,47.0,9,955
light,0,47,47.0,11,956
light,0,47,47.0,11,957
light,0,47,47.0,12,958
light,0,47,47.0,13,959
light,0,47,47.0,13,960
light,0,47,47.0,15,961
light,0,47,47.0,15,962
light,0,47,47.0,15,963
light,0,47,47.0,15,964
light,0,47,47.0,16,965
light,0,47,47.0,16,966
light,0,47,47.0,17,967
light,0,47,47.0,17,968
light,0,47,47.0,18,969
light,0,47,47.0,19,970
light,0,47,47.0,19,971
light,0,48,48.0,0,972
light,0,48,48.0,0,973
light,0,48,48.0,0,974
light,0,48,48.0,1,975
light,0,48,48.0,1,976
light,0,48,48.0,3,977
light,0,48,48.0,5,978
light,0,48,48.0,6,979
light,0,48,48.0,6,980
light,0,48,48.0,7,981
light,0,48,48.0,7,982
light,0,48,48.0,8,983
light,0,48,48.0,12,984
light,0,48,48.0,12,985
light,0,48,48.0,13,986
light,0,48,48.0,14,987
light,0,48,48.0,15,988
light,0,48,48.0,17,989
light,0,48,48.0,17,990
light,0,48,48.0,19,991
light,0,49,49.0,0,992
light,0,49,49.0,0,993
light,0,49,49.0,0,994
light,0,49,49.0,1,995
light,0,49,49.0,4,996
light,0,49,49.0,4,997
light,0,49,49.0,6,998
light,0,49,49.0,7,999
light,0,49,49.0,7,1000
light,0,49,49.0,9,1001
light,0,49,49.0,10,1002
light,0,49,49.0,10,1003
light,0,49,49.0,11,1004
light,0,49,49.0,15,1005
light,0,49,49.0,16,1006
light,0,49,49.0,17,1007
light,0,50,50.0,0,1008
light,0,50,50.0,1,1009
light,0,50,50.0,1,1010
light,0,50,50.0,5,1011
light,0,50,50.0,7,1012
light,0,50,50.0,9,1013
light,0,50,50.0,10,1014
light,0,50,50.0,12,1015
light,0,50,50.0,12,1016
light,0,50,50.0,12,1017
light,0,50,50.0,12,1018
light,0,50,50.0,14,1019
light,0,50,50.0,17,1020
light,0,50,50.0,18,1021
light,0,50,50.0,18,1022
light,0,50,50.0,19,1023
light,0,51,51.0,0,1024
light,0,51,51.0,0,1025
light,0,51,51.0,2,1026
light,0,51,51.0,2,1027
light,0,51,51.0,3,1028
light,0,51,51.0,3,1029
light,0,51,51.0,3,1030
light,0,51,51.0,6,1031
light,0,51,51.0,7,1032
light,0,51,51.0,7,1033
light,0,51,51.0,9,1034
light,0,51,51.0,11,1035
light,0,51,51.0,11,1036
light,0,51,51.0,13,1037
light,0,51,51.0,14,1038
light,0,51,51.0,18,1039
light,0,51,51.0,18,1040
light,0,51,51.0,19,1041
light,0,52,52.0,0,1042
light,0,52,52.0,2,1043
light,0,52,52.0,2,1044
light,0,52,52.0,3,1045
light,0,52,52.0,5,1046
light,0,52,52.0,5,1047
light,0,52,52.0,5,1048
light,0,52,52.0,6,1049
light,0,52,52.0,6,1050
light,0,52,52.0,10,1051
light,0,52,52.0,13,1052
light,0,52,52.0,14,1053
light,0,52,52.0,14,1054
light,0,52,52.0,15,1055
light,0,52,52.0,15,1056
light,0,52,52.0,18,1057
light,0,52,52.0,19,1058
light,0,53,53.0,1,1059
light,0,53,53.0,2,1060
light,0,53,53.0,3,1061
light,0,53,53.0,4,1062
light,0,53,53.0,4,1063
light,0,53,53.0,5,1064
light,0,53,53.0,5,1065
light,0,53,53.0,6,1066
light,0,53,53.0,8,1067
light,0,53,53.0,8,1068
light,0,53,53.0,11,1069
light,0,53,53.0,12,1070
light,0,53,53.0,13,1071
light,0,53,53.0,14,1072
light,0,53,53.0,14,1073
light,0,53,53.0,14,1074
light,0,53,53.0,17,1075
light,0,53,53.0,18,1076
light,0,53,53.0,19,1077
light,0,54,54.0,0,1078
light,0,54,54.0,1,1079
light,0,54,54.0,5,1080
light,0,54,54.0,7,1081
light,0,54,54.0,8,1082
light,0,54,54.0,8,1083
light,0,54,54.0,9,1084
light,0,54,54.0,12,1085
light,0,54,54.0,13,1086
light,0,54,54.0,14,1087
light,0,54,54.0,15,1088
light,0,54,54.0,16,1089
light,0,54,54.0,18,1090
light,0,54,54.0,18,1091
light,0,54,54.0,19,1092
light,0,54,54.0,19,1093
light,0,55,55.0,0,1094
light,0,55,55.0,2,1095
light,0,55,55.0,4,1096
light,0,55,55.0,5,1097
light,0,55,55.0,6,1098
light,0,55,55.0,6,1099
light,0,55,55.0,6,1100
light,0,55,55.0,7,1101
light,0,55,55.0,9,1102
light,0,55,55.0,9,1103
light,0,55,55.0,10,1104
light,0,55,55.0,10,1105
light,0,55,55.0,10,1106
light,0,55,55.0,11,1107
light,0,55,55.0,14,1108
light,0,55,55.0,15,1109
light,0,55,55.0,15,1110
light,0,55,55.0,15,1111
light,0,55,55.0,17,1112
light,0,55,55.0,18,1113
light,0,55,55.0,18,1114
light,0,55,55.0,18,1115
light,0,55,55.0,18,1116
light,0,55,55.0,19,1117
light,0,55,55.0,19,1118
light,0,55,55.0,19,1119
light,0,56,56.0,1,1120
light,0,56,56.0,1,1121
light,0,56,56.0,4,1122
light,0,56,56.0,4,1123
light,0,56,56.0,5,1124
light,0,56,56.0,6,1125
light,0,56,56.0,7,1126
light,0,56,56.0,9,1127
light,0,56,56.0,9,1128
light,0,56,56.0,9,1129
light,0,56,56.0,11,1130
light,0,56,56.0,12,1131
light,0,56,56.0,12,1132
light,0,56,56.0,14,1133
light,0,56,56.0,15,1134
light,0,56,56.0,16,1135
light,0,56,56.0,16,1136
light,0,56,56.0,16,1137
light,0,56,56.0,17,1138
light,0,56,56.0,18,1139
light,0,56,56.0,18,1140
light,0,56,56.0,19,1141
light,0,56,56.0,19,1142
light,0,57,57.0,2,1143
light,0,57,57.0,3,1144
light,0,57,57.0,6,1145
light,0,57,57.0,6,1146
light,0,57,57.0,6,1147
light,0,57,57.0,6,1148
light,0,57,57.0,9,1149
light,0,57,57.0,10,1150
light,0,57,57.0,10,1151
light,0,57,57.0,12,1152
light,0,57,57.0,13,1153
light,0,57,57.0,15,1154
light,0,57,57.0,16,1155
light,0,57,57.0,16,1156
light,0,57,57.0,16,1157
light,0,57,57.0,17,1158
light,0,57,57.0,18,1159
light,0,57,57.0,19,1160
light,0,58,58.0,4,1161
light,0,58,58.0,4,1162
light,0,58,58.0,7,1163
light,0,58,58.0,9,1164
light,0,58,58.0,9,1165
light,0,58,58.0,10,1166
light,0,58,58.0,11,1167
light,0,58,58.0,14,1168
light,0,58,58.0,16,1169
light,0,58,58.0,17,1170
light,0,58,58.0,17,1171
light,0,58,58.0,17,1172
light,0,58,58.0,18,1173
light,0,59,59.0,1,1174
light,0,59,59.0,1,1175
light,0,59,59.0,3,1176
light,0,59,59.0,4,1177
light,0,59,59.0,5,1178
light,0,59,59.0,5,1179
light,0,59,59.0,5,1180
light,0,59,59.0,6,1181
light,0,59,59.0,6,1182
light,0,59,59.0,7,1183
light,0,59,59.0,10,1184
light,0,59,59.0,12,1185
light,0,59,59.0,12,1186
light,0,59,59.0,14,1187
light,0,59,59.0,15,1188
light,0,59,59.0,15,1189
light,0,59,59.0,15,1190
light,0,59,59.0,17,1191
light,0,59,59.0,17,1192
light,0,59,59.0,17,1193
light,0,59,59.0,19,1194
light,0,59,59.0,19,1195
light,0,59,59.0,19,1196
light,0,59,59.0,19,1197
light,0,60,60.0,0,1198
light,0,60,60.0,1,1199
light,0,60,60.0,2,1200
light,0,60,60.0,3,1201
light,0,60,60.0,4,1202
light,0,60,60.0,8,1203
light,0,60,60.0,9,1204
light,0,60,60.0,9,1205
light,0,60,60.0,10,1206
light,0,60,60.0,12,1207
light,0,60,60.0,12,1208
light,0,60,60.0,14,1209
light,0,60,60.0,14,1210
light,0,60,60.0,15,1211
light,0,60,60.0,16,1212
light,0,60,60.0,18,1213
light,0,60,60.0,18,1214
light,0,60,60.0,19,1215
light,0,60,60.0,19,1216
light,0,61,61.0,0,1217
light,0,61,61.0,0,1218
light,0,61,61.0,2,1219
light,0,61,61.0,3,1220
light,0,61,61.0,3,1221
light,0,61,61.0,4,1222
light,0,61,61.0,5,1223
light,0,61,61.0,5,1224
light,0,61,61.0,6,1225
light,0,61,61.0,6,1226
light,0,61,61.0,7,1227
light,0,61,61.0,9,1228
light,0,61,61.0,9,1229
light,0,61,61.0,12,1230
light,0,61,61.0,12,1231
light,0,61,61.0,13,1232
light,0,61,61.0,13,1233
light,0,61,61.0,13,1234
light,0,61,61.0,14,1235
light,0,61,61.0,15,1236
light,0,61,61.0,16,1237
light,0,61,61.0,17,1238
light,0,61,61.0,17,1239
light,0,61,61.0,18,1240
light,0,62,62.0,1,1241
light,0,62,62.0,1,1242
light,0,62,62.0,4,1243
light,0,62,62.0,6,1244
light,0,62,62.0,6,1245
light,0,62,62.0,9,1246
light,0,62,62.0,9,1247
light,0,62,62.0,9,1248
light,0,62,62.0,9,1249
light,0,62,62.0,10,1250
light,0,62,62.0,10,1251
light,0,62,62.0,12,1252
light,0,62,62.0,12,1253
light,0,62,62.0,14,1254
light,0,62,62.0,17,1255
light,0,62,62.0,18,1256
light,0,62,62.0,19,1257
light,0,63,63.0,0,1258
light,0,63,63.0,0,1259
light,0,63,63.0,1,1260
light,0,63,63.0,2,1261
light,0,63,63.0,2,1262
light,0,63,63.0,6,1263
light,0,63,63.0,7,1264
light,0,63,63.0,7,1265
light,0,63,63.0,8,1266
light,0,63,63.0,9,1267
light,0,63,63.0,10,1268
light,0,63,63.0,10,1269
light,0,63,63.0,11,1270
light,0,63,63.0,13,1271
light,0,63,63.0,14,1272
light,0,63,63.0,14,1273
light,0,63,63.0,15,1274
light,0,63,63.0,16,1275
light,0,64,64.0,0,1276
light,0,64,64.0,0,1277
light,0,64,64.0,1,1278
light,0,64,64.0,1,1279
light,0,64,64.0,2,1280
light,0,64,64.0,3,1281
light,0,64,64.0,3,1282
light,0,64,64.0,3,1283
light,0,64,64.0,4,1284
light,0,64,64.0,6,1285
light,0,64,64.0,7,1286
light,0,64,64.0,8,1287
light,0,64,64.0,8,1288
light,0,64,64.0,9,1289
light,0,64,64.0,11,1290
light,0,64,64.0,12,1291
light,0,64,64.0,12,1292
light,0,64,64.0,12,1293
light,0,64,64.0,14,1294
light,0,64,64.0,14,1295
light,0,64,64.0,15,1296
light,0,64,64.0,16,1297
light,0,64,64.0,17,1298
light,0,64,64.0,17,1299
light,0,64,64.0,19,1300
light,0,64,64.0,19,1301
light,0,64,64.0,19,1302
light,0,65,65.0,1,1303
light,0,65,65.0,2,1304
light,0,65,65.0,2,1305
light,0,65,65.0,2,1306
light,0,65,65.0,3,1307
light,0,65,65.0,3,1308
light,0,65,65.0,3,1309
light,0,65,65.0,5,1310
light,0,65,65.0,5,1311
light,0,65,65.0,5,1312
light,0,65,65.0,6,1313
light,0,65,65.0,8,1314
light,0,65,65.0,8,1315
light,0,65,65.0,8,1316
light,0,65,65.0,9,1317
light,0,65,65.0,11,1318
light,0,65,65.0,15,1319
light,0,65,65.0,17,1320
light,0,66,66.0,1,1321
light,0,66,66.0,1,1322
light,0,66,66.0,2,1323
light,0,66,66.0,4,1324
light,0,66,66.0,5,1325
light,0,66,66.0,6,1326
light,0,66,66.0,8,1327
light,0,66,66.0,9,1328
light,0,66,66.0,9,1329
light,0,66,66.0,10,1330
light,0,66,66.0,15,1331
light,0,66,66.0,15,1332
light,0,66,66.0,17,1333
light,0,66,66.0,17,1334
light,0,66,66.0,18,1335
light,0,66,66.0,19,1336
light,0,66,66.0,19,1337
light,0,67,67.0,1,1338
light,0,67,67.0,2,1339
light,0,67,67.0,4,1340
light,0,67,67.0,7,1341
light,0,67,67.0,8,1342
light,0,67,67.0,8,1343
light,0,67,67.0,8,1344
light,0,67,67.0,10,1345
light,0,67,67.0,11,1346
light,0,67,67.0,11,1347
light,0,67,67.0,13,1348
light,0,67,67.0,14,1349
light,0,67,67.0,14,1350
light,0,67,67.0,15,1351
light,0,67,67.0,15,1352
light,0,67,67.0,15,1353
light,0,67,67.0,17,1354
light,0,67,67.0,17,1355
light,0,67,67.0,17,1356
light,0,67,67.0,17,1357
light,0,67,67.0,18,1358
light,0,67,67.0,19,1359
light,0,67,67.0,19,1360
light,0,68,68.0,0,1361
light,0,68,68.0,0,1362
light,0,68,68.0,3,1363
light,0,68,68.0,4,1364
light,0,68,68.0,5,1365
light,0,68,68.0,5,1366
light,0,68,68.0,5,1367
light,0,68,68.0,6,1368
light,0,68,68.0,6,1369
light,0,68,68.0,7,1370
light,0,68,68.0,7,1371
light,0,68,68.0,8,1372
light,0,68,68.0,10,1373
light,0,68,68.0,10,1374
light,0,68,68.0,10,1375
light,0,68,68.0,10,1376
light,0,68,68.0,11,1377
light,0,68,68.0,12,1378
light,0,68,68.0,13,1379
light,0,68,68.0,15,1380
light,0,68,68.0,16,1381
light,0,68,68.0,16,1382
light,0,69,69.0,0,1383
light,0,69,69.0,2,1384
light,0,69,69.0,3,1385
light,0,69,69.0,3,1386
light,0,69,69.0,3,1387
light,0,69,69.0,3,1388
light,0,69,69.0,4,1389
light,0,69,69.0,6,1390
light,0,69,69.0,6,1391
light,0,69,69.0,6,1392
light,0,69,69.0,6,1393
light,0,69,69.0,8,1394
light,0,69,69.0,9,1395
light,0,69,69.0,9,1396
light,0,69,69.0,9,1397
light,0,69,69.0,9,1398
light,0,69,69.0,10,1399
light,0,69,69.0,13,1400
light,0,69,69.0,13,1401
light,0,69,69.0,14,1402
light,0,69,69.0,15,1403
light,0,69,69.0,16,1404
light,0,69,69.0,16,1405
light,0,69,69.0,19,1406
light,0,70,70.0,0,1407
light,0,70,70.0,0,1408
light,0,70,70.0,0,1409
light,0,70,70.0,1,1410
light,0,70,70.0,2,1411
light,0,70,70.0,5,1412
light,0,70,70.0,7,1413
light,0,70,70.0,7,1414
light,0,70,70.0,9,1415
light,0,70,70.0,10,1416
light,0,70,70.0,11,1417
light,0,70,70.0,12,1418
light,0,70,70.0,13,1419
light,0,70,70.0,15,1420
light,0,70,70.0,15,1421
light,0,70,70.0,15,1422
light,0,70,70.0,16,1423
light,0,70,70.0,17,1424
light,0,70,70.0,18,1425
light,0,70,70.0,18,1426
light,0,70,70.0,19,1427
light,0,70,70.0,19,1428
light,0,70,70.0,19,1429
light,0,70,70.0,19,1430
light,0,70,70.0,19,1431
light,0,71,71.0,0,1432
light,0,71,71.0,2,1433
light,0,71,71.0,3,1434
light,0,71,71.0,7,1435
light,0,71,71.0,11,1436
light,0,71,71.0,12,1437
light,0,71,71.0,13,1438
light,0,71,71.0,13,1439
light,0,71,71.0,13,1440
light,0,71,71.0,15,1441
light,0,71,71.0,17,1442
light,0,71,71.0,17,1443
light,0,71,71.0,17,1444
light,0,71,71.0,18,1445
light,0,71,71.0,19,1446
light,0,71,71.0,19,1447
light,0,72,72.0,0,1448
light,0,72,72.0,0,1449
light,0,72,72.0,0,1450
light,0,72,72.0,1,1451
light,0,72,72.0,6,1452
light,0,72,72.0,6,1453
light,0,72,72.0,7,1454
light,0,72,72.0,7,1455
light,0,72,72.0,8,1456
light,0,72,72.0,9,1457
light,0,72,72.0,9,1458
light,0,72,72.0,9,1459
light,0,72,72.0,10,1460
light,0,72,72.0,10,1461
light,0,72,72.0,10,1462
light,0,72,72.0,11,1463
light,0,72,72.0,12,1464
light,0,72,72.0,13,1465
light,0,72,72.0,14,1466
light,0,72,72.0,15,1467
light,0,72,72.0,15,1468
light,0,72,72.0,15,1469
light,0,72,72.0,15,1470
light,0,72,72.0,17,1471
light,0,72,72.0,17,1472
light,0,72,72.0,19,1473
light,0,73,73.0,0,1474
light,0,73,73.0,1,1475
light,0,73,73.0,1,1476
light,0,73,73.0,2,1477
light,0,73,73.0,2,1478
light,0,73,73.0,2,1479
light,0,73,73.0,3,1480
light,0,73,73.0,6,1481
light,0,73,73.0,8,1482
light,0,73,73.0,8,1483
light,0,73,73.0,9,1484
light,0,73,73.0,11,1485
light,0,73,73.0,11,1486
light,0,73,73.0,12,1487
light,0,73,73.0,13,1488
light,0,73,73.0,14,1489
light,0,73,73.0,14,1490
light,0,73,73.0,16,1491
light,0,73,73.0,19,1492
light,0,74,74.0,0,1493
light,0,74,74.0,0,1494
light,0,74,74.0,0,1495
light,0,74,74.0,1,1496
light,0,74,74.0,1,1497
light,0,74,74.0,2,1498
light,0,74,74.0,3,1499
light,0,74,74.0,5,1500
light,0,74,74.0,5,1501
light,0,74,74.0,7,1502
light,0,74,74.0,8,1503
light,0,74,74.0,8,1504
light,0,74,74.0,10,1505
light,0,74,74.0,11,1506
light,0,74,74.0,14,1507
light,0,74,74.0,14,1508
light,0,74,74.0,15,1509
light,0,74,74.0,16,1510
light,0,74,74.0,17,1511
light,0,74,74.0,18,1512
light,0,74,74.0,19,1513
light,0,75,75.0,0,1514
light,0,75,75.0,3,1515
light,0,75,75.0,3,1516
light,0,75,75.0,4,1517
light,0,75,75.0,4,1518
light,0,75,75.0,5,1519
light,0,75,75.0,6,1520
light,0,75,75.0,6,1521
light,0,75,75.0,10,1522
light,0,75,75.0,10,1523
light,0,75,75.0,11,1524
light,0,75,75.0,11,1525
light,0,75,75.0,13,1526
light,0,75,75.0,14,1527
light,0,75,75.0,14,1528
light,0,75,75.0,15,1529
light,0,75,75.0,16,1530
light,0,75,75.0,17,1531
light,0,75,75.0,17,1532
light,0,75,75.0,18,1533
light,0,76,76.0,0,1534
light,0,76,76.0,1,1535
light,0,76,76.0,2,1536
light,0,76,76.0,3,1537
light,0,76,76.0,4,1538
light,0,76,76.0,5,1539
light,0,76,76.0,9,1540
light,0,76,76.0,10,1541
light,0,76,76.0,10,1542
light,0,76,76.0,10,1543
light,0,76,76.0,11,1544
light,0,76,76.0,11,1545
light,0,76,76.0,11,1546
light,0,76,76.0,12,1547
light,0,76,76.0,13,1548
light,0,76,76.0,16,1549
light,0,76,76.0,17,1550
light,0,76,76.0,17,1551
light,0,76,76.0,17,1552
light,0,76,76.0,18,1553
light,0,77,77.0,2,1554
light,0,77,77.0,4,1555
light,0,77,77.0,5,1556
light,0,77,77.0,8,1557
light,0,77,77.0,9,1558
light,0,77,77.0,10,1559
light,0,77,77.0,11,1560
light,0,77,77.0,11,1561
light,0,77,77.0,12,1562
light,0,77,77.0,13,1563
light,0,77,77.0,14,1564
light,0,77,77.0,14,1565
light,0,77,77.0,15,1566
light,0,77,77.0,19,1567
light,0,78,78.0,0,1568
light,0,78,78.0,1,1569
light,0,78,78.0,2,1570
light,0,78,78.0,5,1571
light,0,78,78.0,6,1572
light,0,78,78.0,6,1573
light,0,78,78.0,7,1574
light,0,78,78.0,7,1575
light,0,78,78.0,10,1576
light,0,78,78.0,12,1577
light,0,78,78.0,14,1578
light,0,78,78.0,14,1579
light,0,78,78.0,14,1580
light,0,78,78.0,15,1581
light,0,78,78.0,15,1582
light,0,78,78.0,16,1583
light,0,78,78.0,18,1584
light,0,78,78.0,19,1585
light,0,79,79.0,2,1586
light,0,79,79.0,2,1587
light,0,79,79.0,5,1588
light,0,79,79.0,5,1589
light,0,79,79.0,6,1590
light,0,79,79.0,6,1591
light,0,79,79.0,10,1592
light,0,79,79.0,10,1593
light,0,79,79.0,11,1594
light,0,79,79.0,12,1595
light,0,79,79.0,13,1596
light,0,79,79.0,14,1597
light,0,79,79.0,14,1598
light,0,79,79.0,14,1599
light,0,79,79.0,15,1600
light,0,79,79.0,17,1601
light,0,79,79.0,19,1602
light,0,80,80.0,0,1603
light,0,80,80.0,2,1604
light,0,80,80.0,4,1605
light,0,80,80.0,4,1606
light,0,80,80.0,5,1607
light,0,80,80.0,5,1608
light,0,80,80.0,6,1609
light,0,80,80.0,7,1610
light,0,80,80.0,7,1611
light,0,80,80.0,10,1612
light,0,80,80.0,11,1613
light,0,80,80.0,12,1614
light,0,80,80.0,14,1615
light,0,80,80.0,15,1616
light,0,80,80.0,15,1617
light,0,80,80.0,17,1618
light,0,80,80.0,17,1619
light,0,80,80.0,18,1620
light,0,80,80.0,19,1621
light,0,81,81.0,1,1622
light,0,81,81.0,3,1623
light,0,81,81.0,5,1624
light,0,81,81.0,6,1625
light,0,81,81.0,8,1626
light,0,81,81.0,9,1627
light,0,81,81.0,9,1628
light,0,81,81.0,9,1629
light,0,81,81.0,10,1630
light,0,81,81.0,10,1631
light,0,81,81.0,10,1632
light,0,81,81.0,10,1633
light,0,81,81.0,12,1634
light,0,81,81.0,15,1635
light,0,81,81.0,17,1636
light,0,81,81.0,17,1637
light,0,81,81.0,18,1638
light,0,81,81.0,19,1639
light,0,82,82.0,2,1640
light,0,82,82.0,2,1641
light,0,82,82.0,3,1642
light,0,82,82.0,4,1643
light,0,82,82.0,4,1644
light,0,82,82.0,4,1645
light,0,82,82.0,6,1646
light,0,82,82.0,6,1647
light,0,82,82.0,8,1648
light,0,82,82.0,10,1649
light,0,82,82.0,10,1650
light,0,82,82.0,11,1651
light,0,82,82.0,11,1652
light,0,82,82.0,11,1653
light,0,82,82.0,12,1654
light,0,82,82.0,13,1655
light,0,82,82.0,13,1656
light,0,82,82.0,14,1657
light,0,82,82.0,16,1658
light,0,82,82.0,17,1659
light,0,82,82.0,17,1660
light,0,82,82.0,17,1661
light,0,82,82.0,18,1662
light,0,82,82.0,18,1663
light,0,82,82.0,19,1664
light,0,83,83.0,0,1665
light,0,83,83.0,1,1666
light,0,83,83.0,4,1667
light,0,83,83.0,4,1668
light,0,83,83.0,4,1669
light,0,83,83.0,4,1670
light,0,83,83.0,5,1671
light,0,83,83.0,5,1672
light,0,83,83.0,7,1673
light,0,83,83.0,8,1674
light,0,83,83.0,8,1675
light,0,83,83.0,9,1676
light,0,83,83.0,9,1677
light,0,83,83.0,10,1678
light,0,83,83.0,10,1679
light,0,83,83.0,11,1680
light,0,83,83.0,11,1681
light,0,83,83.0,12,1682
light,0,83,83.0,12,1683
light,0,83,83.0,15,1684
light,0,83,83.0,17,1685
light,0,83,83.0,17,1686
light,0,83,83.0,17,1687
light,0,83,83.0,19,1688
light,0,84,84.0,1,1689
light,0,84,84.0,2,1690
light,0,84,84.0,2,1691
light,0,84,84.0,3,1692
light,0,84,84.0,4,1693
light,0,84,84.0,6,1694
light,0,84,84.0,6,1695
light,0,84,84.0,7,1696
light,0,84,84.0,15,1697
light,0,84,84.0,16,1698
light,0,84,84.0,17,1699
light,0,84,84.0,17,1700
light,0,84,84.0,17,1701
light,0,84,84.0,18,1702
light,0,84,84.0,18,1703
light,0,84,84.0,19,1704
light,0,84,84.0,19,1705
light,0,85,85.0,0,1706
light,0,85,85.0,0,1707
light,0,85,85.0,0,1708
light,0,85,85.0,1,1709
light,0,85,85.0,2,1710
light,0,85,85.0,5,1711
light,0,85,85.0,8,1712
light,0,85,85.0,10,1713
light,0,85,85.0,11,1714
light,0,85,85.0,11,1715
light,0,85,85.0,11,1716
light,0,85,85.0,12,1717
light,0,85,85.0,14,1718
light,0,85,85.0,15,1719
light,0,85,85.0,16,1720
light,0,85,85.0,17,1721
light,0,85,85.0,18,1722
light,0,85,85.0,19,1723
light,0,86,86.0,0,1724
light,0,86,86.0,0,1725
light,0,86,86.0,1,1726
light,0,86,86.0,4,1727
light,0,86,86.0,6,1728
light,0,86,86.0,7,1729
light,0,86,86.0,8,1730
light,0,86,86.0,8,1731
light,0,86,86.0,8,1732
light,0,86,86.0,8,1733
light,0,86,86.0,10,1734
light,0,86,86.0,10,1735
light,0,86,86.0,11,1736
light,0,86,86.0,11,1737
light,0,86,86.0,12,1738
light,0,86,86.0,13,1739
light,0,86,86.0,14,1740
light,0,86,86.0,17,1741
light,0,86,86.0,18,1742
light,0,86,86.0,18,1743
light,0,87,87.0,0,1744
light,0,87,87.0,2,1745
light,0,87,87.0,2,1746
light,0,87,87.0,3,1747
light,0,87,87.0,3,1748
light,0,87,87.0,3,1749
light,0,87,87.0,3,1750
light,0,87,87.0,4,1751
light,0,87,87.0,5,1752
light,0,87,87.0,5,1753
light,0,87,87.0,7,1754
light,0,87,87.0,8,1755
light,0,87,87.0,10,1756
light,0,87,87.0,10,1757
light,0,87,87.0,13,1758
light,0,87,87.0,15,1759
light,0,87,87.0,16,1760
light,0,87,87.0,16,1761
light,0,87,87.0,18,1762
light,0,87,87.0,19,1763
light,0,87,87.0,19,1764
light,0,88,88.0,0,1765
light,0,88,88.0,0,1766
light,0,88,88.0,1,1767
light,0,88,88.0,1,1768
light,0,88,88.0,1,1769
light,0,88,88.0,2,1770
light,0,88,88.0,3,1771
light,0,88,88.0,4,1772
light,0,88,88.0,4,1773
light,0,88,88.0,5,1774
light,0,88,88.0,6,1775
light,0,88,88.0,6,1776
light,0,88,88.0,6,1777
light,0,88,88.0,7,1778
light,0,88,88.0,7,1779
light,0,88,88.0,8,1780
light,0,88,88.0,8,1781
light,0,88,88.0,10,1782
light,0,88,88.0,11,1783
light,0,88,88.0,11,1784
light,0,88,88.0,12,1785
light,0,88,88.0,12,1786
light,0,88,88.0,13,1787
light,0,88,88.0,14,1788
light,0,88,88.0,16,1789
light,0,88,88.0,17,1790
light,0,88,88.0,18,1791
light,0,88,88.0,18,1792
light,0,89,89.0,0,1793
light,0,89,89.0,4,1794
light,0,89,89.0,8,1795
light,0,89,89.0,8,1796
light,0,89,89.0,9,1797
light,0,89,89.0,10,1798
light,0,89,89.0,10,1799
light,0,89,89.0,10,1800
light,0,89,89.0,11,1801
light,0,89,89.0,12,1802
light,0,89,89.0,14,1803
light,0,89,89.0,14,1804
light,0,89,89.0,15,1805
light,0,89,89.0,18,1806
light,0,89,89.0,18,1807
light,0,89,89.0,19,1808
light,0,90,90.0,4,1809
light,0,90,90.0,5,1810
light,0,90,90.0,6,1811
light,0,90,90.0,6,1812
light,0,90,90.0,7,1813
light,0,90,90.0,8,1814
light,0,90,90.0,9,1815
light,0,90,90.0,9,1816
light,0,90,90.0,14,1817
light,0,90,90.0,16,1818
light,0,90,90.0,17,1819
light,0,90,90.0,17,1820
light,0,90,90.0,18,1821
light,0,90,90.0,18,1822
light,0,90,90.0,18,1823
light,0,91,91.0,0,1824
light,0,91,91.0,2,1825
light,0,91,91.0,3,1826
light,0,91,91.0,4,1827
light,0,91,91.0,4,1828
light,0,91,91.0,9,1829
light,0,91,91.0,11,1830
light,0,91,91.0,12,1831
light,0,91,91.0,12,1832
light,0,91,91.0,12,1833
light,0,91,91.0,13,1834
light,0,91,91.0,13,1835
light,0,91,91.0,13,1836
light,0,91,91.0,14,1837
light,0,91,91.0,15,1838
light,0,91,91.0,15,1839
light,0,91,91.0,16,1840
light,0,91,91.0,16,1841
light,0,91,91.0,17,1842
light,0,91,91.0,18,1843
light,0,91,91.0,18,1844
light,0,91,91.0,19,1845
light,0,92,92.0,0,1846
light,0,92,92.0,1,1847
light,0,92,92.0,1,1848
light,0,92,92.0,3,1849
light,0,92,92.0,5,1850
light,0,92,92.0,6,1851
light,0,92,92.0,7,1852
light,0,92,92.0,7,1853
light,0,92,92.0,10,1854
light,0,92,92.0,10,1855
light,0,92,92.0,12,1856
light,0,92,92.0,12,1857
light,0,92,92.0,15,1858
light,0,92,92.0,18,1859
light,0,92,92.0,18,1860
light,0,92,92.0,19,1861
light,0,92,92.0,19,1862
light,0,93,93.0,0,1863
light,0,93,93.0,0,1864
light,0,93,93.0,3,1865
light,0,93,93.0,6,1866
light,0,93,93.0,7,1867
light,0,93,93.0,7,1868
light,0,93,93.0,8,1869
light,0,93,93.0,8,1870
light,0,93,93.0,9,1871
light,0,93,93.0,9,1872
light,0,93,93.0,9,1873
light,0,93,93.0,10,1874
light,0,93,93.0,10,1875
light,0,93,93.0,10,1876
light,0,93,93.0,11,1877
light,0,93,93.0,11,1878
light,0,93,93.0,12,1879
light,0,93,93.0,14,1880
light,0,93,93.0,15,1881
light,0,93,93.0,17,1882
light,0,93,93.0,18,1883
light,0,94,94.0,1,1884
light,0,94,94.0,4,1885
light,0,94,94.0,4,1886
light,0,94,94.0,4,1887
light,0,94,94.0,5,1888
light,0,94,94.0,6,1889
light,0,94,94.0,6,1890
light,0,94,94.0,7,1891
light,0,94,94.0,7,1892
light,0,94,94.0,8,1893
light,0,94,94.0,12,1894
light,0,94,94.0,12,1895
light,0,94,94.0,12,1896
light,0,94,94.0,12,1897
light,0,94,94.0,13,1898
light,0,94,94.0,14,1899
light,0,94,94.0,14,1900
light,0,94,94.0,15,1901
light,0,94,94.0,16,1902
light,0,94,94.0,17,1903
light,0,94,94.0,18,1904
light,0,94,94.0,19,1905
light,0,94,94.0,19,1906
light,0,95,95.0,2,1907
light,0,95,95.0,2,1908
light,0,95,95.0,2,1909
light,0,95,95.0,3,1910
light,0,95,95.0,3,1911
light,0,95,95.0,4,1912
light,0,95,95.0,5,1913
light,0,95,95.0,6,1914
light,0,95,95.0,6,1915
light,0,95,95.0,8,1916
light,0,95,95.0,9,1917
light,0,95,95.0,9,1918
light,0,95,95.0,9,1919
light,0,95,95.0,10,1920
light,0,95,95.0,10,1921
light,0,95,95.0,10,1922
light,0,95,95.0,11,1923
light,0,95,95.0,13,1924
light,0,95,95.0,14,1925
light,0,95,95.0,17,1926
light,0,95,95.0,19,1927
light,0,96,96.0,1,1928
light,0,96,96.0,3,1929
light,0,96,96.0,4,1930
light,0,96,96.0,4,1931
light,0,96,96.0,4,1932
light,0,96,96.0,4,1933
light,0,96,96.0,5,1934
light,0,96,96.0,5,1935
light,0,96,96.0,6,1936
light,0,96,96.0,6,1937
light,0,96,96.0,8,1938
light,0,96,96.0,8,1939
light,0,96,96.0,8,1940
light,0,96,96.0,10,1941
light,0,96,96.0,10,1942
light,0,96,96.0,10,1943
light,0,96,96.0,11,1944
light,0,96,96.0,11,1945
light,0,96,96.0,11,1946
light,0,96,96.0,12,1947
light,0,96,96.0,13,1948
light,0,96,96.0,15,1949
light,0,96,96.0,16,1950
light,0,97,97.0,2,1951
light,0,97,97.0,4,1952
light,0,97,97.0,5,1953
light,0,97,97.0,5,1954
light,0,97,97.0,5,1955
light,0,97,97.0,6,1956
light,0,97,97.0,6,1957
light,0,97,97.0,8,1958
light,0,97,97.0,8,1959
light,0,97,97.0,9,1960
light,0,97,97.0,11,1961
light,0,97,97.0,11,1962
light,0,97,97.0,13,1963
light,0,97,97.0,15,1964
light,0,97,97.0,15,1965
light,0,97,97.0,15,1966
light,0,97,97.0,17,1967
light,0,98,98.0,0,1968
light,0,98,98.0,0,1969
light,0,98,98.0,1,1970
light,0,98,98.0,2,1971
light,0,98,98.0,3,1972
light,0,98,98.0,4,1973
light,0,98,98.0,5,1974
light,0,98,98.0,5,1975
light,0,98,98.0,6,1976
light,0,98,98.0,6,1977
light,0,98,98.0,8,1978
light,0,98,98.0,9,1979
light,0,98,98.0,11,1980
light,0,98,98.0,12,1981
light,0,98,98.0,13,1982
light,0,98,98.0,14,1983
light,0,98,98.0,14,1984
light,0,98,98.0,16,1985
light,0,98,98.0,16,1986
light,0,98,98.0,18,1987
light,0,98,98.0,18,1988
light,0,99,99.0,0,1989
light,0,99,99.0,1,1990
light,0,99,99.0,2,1991
light,0,99,99.0,3,1992
light,0,99,99.0,4,1993
light,0,99,99.0,6,1994
light,0,99,99.0,7,1995
light,0,99,99.0,7,1996
light,0,99,99.0,7,1997
light,0,99,99.0,10,1998
light,0,99,99.0,11,1999
light,0,99,99.0,11,2000
light,0,99,99.0,12,2001
light,0,99,99.0,13,2002
light,0,99,99.0,15,2003
light,0,99,99.0,15,2004
light,0,99,99.0,15,2005
light,0,99,99.0,17,2006
light,0,99,99.0,17,2007
